community,year,n_posts,posts_with_emoji,emoji_share,total_emoji_count,mean_emoji_count,esr_total_emoji_count,esr_mapped_emoji_count,esr_unmapped_emoji_count,mean_esr_coverage,positive_emoji_count,negative_emoji_count,neutral_mixed_emoji_count,mean_esr_emoji_score,median_esr_emoji_score
finanzen,2020,4654,51,0.01095831542758917,68,0.01461108723678556,68,42,26,0.6781045751633987,42,0,0,0.3844279279279279,0.421
finanzen,2025,22669,1535,0.06771361771582338,2580,0.11381181348978782,2580,1957,623,0.7650585565452336,1790,139,28,0.37140801638443455,0.417
personalfinance,2020,103192,685,0.006638111481510195,952,0.009225521358244825,952,705,247,0.7366423357664234,552,136,17,0.2887891013384321,0.279
personalfinance,2025,72726,1919,0.02638671176745593,2699,0.03711189945824052,2699,2041,658,0.7468642728934548,1542,468,31,0.2604290231190971,0.2975
