community,year,negative,neutral_or_mixed,no_emoji,positive,unmapped_only
finanzen,2020,0.0,0.0,0.9890416845724108,0.007950150408250967,0.0030081650193382035
finanzen,2025,0.0026467863602276237,0.0008381490140720808,0.9322863822841766,0.05174467334245004,0.012484008999073625
personalfinance,2020,0.0009206140010853555,0.00012597875804325916,0.9933618885184898,0.004021629583688658,0.0015698891386929218
personalfinance,2025,0.004427577482605946,0.00042625745950554135,0.9736132882325441,0.015579022632896075,0.005953854192448368
