year,n_posts,emoji_share,mean_emoji_count
2020,107846,0.006824546112048662,0.009457930753110917
2025,95395,0.036207348393521674,0.055338330101158344
