year,ci_high,ci_low,mean,n
2020,-0.3107926168063494,-0.31373908573745923,-0.3122658512719043,107846.0
2025,-0.30527260888587354,-0.308634028625176,-0.3069533187555248,95395.0
