year,negative,neutral,positive
2020,0.5984552046436585,0.381822227991766,0.01972256736457541
2025,0.544588290790922,0.43057812254311023,0.024833586665967817
