score,community,year,n,mean,median,std,min,q25,q75,max,skewness,kurtosis
no_emoji_xlm_sentiment_score,finanzen,2020,4654,-0.28801002943121407,-0.269148365,0.24146757693738083,-0.9439355,-0.396405305,-0.171365915,0.89969397,0.18996588068128548,2.1412974329628653
no_emoji_xlm_sentiment_score,finanzen,2025,22669,-0.3174066485874397,-0.291682,0.2826021298415011,-0.9507408,-0.4737469,-0.17330103,0.92311907,0.36057525135238033,1.5439119242299482
no_emoji_xlm_sentiment_score,personalfinance,2020,103192,-0.3133597984271739,-0.2948043,0.24702592091443915,-0.9509506,-0.46442189,-0.1591583825,0.8585442,0.004522849081024945,0.4297217378467666
no_emoji_xlm_sentiment_score,personalfinance,2025,72726,-0.3036949718925091,-0.28480509,0.25898342318051315,-0.955367,-0.46581499,-0.139931495,0.890596,0.03112424229429482,0.4048696712415891
no_emoji_vader_compound,finanzen,2020,4654,-0.6463969058874087,-0.8466,0.4184104894864901,-0.9998,-0.9527,-0.5994,0.9429,1.3652972436941633,0.9170501152675032
no_emoji_vader_compound,finanzen,2025,22669,-0.6105317923154969,-0.8316,0.4348489006358534,-0.9999,-0.9485,-0.3899,0.9827,1.2297054889999588,0.5349834616335953
no_emoji_vader_compound,personalfinance,2020,103192,0.4541519478254128,0.7615,0.6217114123046379,-0.9989,0.1027,0.9337,0.9999,-1.0762505961228308,-0.29816489305260774
no_emoji_vader_compound,personalfinance,2025,72726,0.4481439760195804,0.7619,0.6274463707612382,-0.9999,0.053325,0.9349,0.9997,-1.0587932804236522,-0.34147763030885114
esr_emoji_score_mean,finanzen,2020,37,0.3844279279279279,0.421,0.13086633542568443,0.178,0.279,0.463,0.644,-0.2594616917810306,-0.9646667452684166
esr_emoji_score_mean,finanzen,2025,1252,0.3714080163844345,0.417,0.20702733656523395,-0.4000000000000001,0.221,0.48724999999999996,0.7524,-0.8831486441583761,1.2740177658969447
esr_emoji_score_mean,personalfinance,2020,523,0.2887891013384321,0.279,0.29579413582022196,-0.522,0.17225000000000001,0.479,0.8,-0.601520742168136,-0.17769141877024675
esr_emoji_score_mean,personalfinance,2025,1486,0.26042902311909716,0.2975,0.27665236119126213,-0.522,0.10643749999999999,0.417,0.746,-0.43688036729003965,-0.3954707656498111
