test,community,emoji_share_2025,emoji_share_2020,difference_2025_minus_2020,chi2,p_value,dof,cramers_v
emoji_presence_by_year,finanzen,0.06771361771582338,0.01095831542758917,0.05675530228823421,226.44091040831242,3.560791081910456e-51,1,0.09103601843341577
emoji_presence_by_year,personalfinance,0.02638671176745593,0.006638111481510195,0.019748600285945734,1139.5368620222835,8.431600852479857e-250,1,0.08048390684992959
emoji_presence_by_year,pooled_composition_sensitive,0.036207348393521674,0.006824546112048662,0.02938280228147301,2163.002262286649,0.0,1,0.10316272974286601
