score,community,year,sample_n_used,shapiro_stat,shapiro_p,dagostino_stat,dagostino_p,interpretation
no_emoji_xlm_sentiment_score,finanzen,2020,4654,0.9539648386713345,5.616262212913614e-36,263.18283910662535,7.088798345410625e-58,Likely non-normal / bounded / skewed
no_emoji_xlm_sentiment_score,finanzen,2025,5000,0.9625922181590341,4.202783720840326e-34,293.7960195760496,1.5958973239510275e-64,Likely non-normal / bounded / skewed
no_emoji_xlm_sentiment_score,personalfinance,2020,5000,0.9896590455425476,1.1146217347532057e-18,42.06981454774098,7.322440368367249e-10,Likely non-normal / bounded / skewed
no_emoji_xlm_sentiment_score,personalfinance,2025,5000,0.9890109278266037,2.6801792404605815e-19,31.38894875558301,1.5274829854299021e-07,Likely non-normal / bounded / skewed
no_emoji_vader_compound,finanzen,2020,4654,0.7708242810374857,1.0908361576591794e-62,941.2285508733441,4.11923978077914e-205,Likely non-normal / bounded / skewed
no_emoji_vader_compound,finanzen,2025,5000,0.7927294100732034,2.8927248692927324e-62,877.7600407685035,2.4936122888401837e-191,Likely non-normal / bounded / skewed
no_emoji_vader_compound,personalfinance,2020,5000,0.791198863780227,2.0963421301671763e-62,685.6371025629032,1.3055541343379996e-149,Likely non-normal / bounded / skewed
no_emoji_vader_compound,personalfinance,2025,5000,0.7909147549264756,1.975142853983349e-62,690.8013843203212,9.871549992937992e-151,Likely non-normal / bounded / skewed
esr_emoji_score_mean,finanzen,2020,37,0.9233340279974621,0.014009454775019359,3.4621545668239637,0.17709352725166783,Likely non-normal / bounded / skewed
esr_emoji_score_mean,finanzen,2025,1252,0.9347027930848203,5.488855553814491e-23,160.02748761393926,1.7802155417110193e-35,Likely non-normal / bounded / skewed
esr_emoji_score_mean,personalfinance,2020,523,0.9522987814774092,5.887817429677911e-12,28.567507508295265,6.261012397089765e-07,Likely non-normal / bounded / skewed
esr_emoji_score_mean,personalfinance,2025,1486,0.949404365616341,3.310838742676704e-22,58.51259222648419,1.968575324674016e-13,Likely non-normal / bounded / skewed
