community,year,financial_institutions_products,investment_strategy,macro_economic_context,none,opportunity_action_orientation,planning_budgeting_control,policy_regulation,practical_problem_solving,risk_uncertainty_management
finanzen,2020,0.23033949290932532,0.38418564675547917,0.08917060593038247,0.06918779544477868,0.0111731843575419,0.09346798452943704,0.10743446497636441,0.006446067898581865,0.008594757198109154
finanzen,2025,0.2687811548811152,0.31893775640742866,0.10079844721866867,0.09771052979840311,0.012528122105077418,0.0843883717852574,0.09435793374211478,0.011028276500948432,0.01146940756098637
personalfinance,2020,0.587080393828979,0.10350608574308086,0.028946042328862703,0.031203969299945733,0.00393441352042794,0.10412628885960153,0.12953523528955732,0.005116675711295449,0.006550895418249477
personalfinance,2025,0.5958391771856008,0.12328465748150592,0.013708989907323377,0.03753815691774606,0.00394631906058356,0.13065478645876302,0.08461898083216457,0.00380881665429145,0.006600115502021286
